Team,Manager
Big Dirty,Kal
Big Thick Blocks,Derek
BunchaPigeons,Jordan
Classless Calow,Jeremy
Collin's Cool Team,Collin
Come Fiala Deez Nuts!,Andrew
Commissioner Coulas,Patrick
Dont Drink and Draft,Kal
Dump in the Corner,Jordan
Dumpster Fire,Jordan
Fuck Tom Wilson!,Mark
Fuck Yeah Tom Wilson,Andrew
Go Home I'm drinkin,Jeremy
Good Cop Babcock,Jordan
Good ontariyah boys,Evan
Hail Satan,Ray
HatTrick Swayzes,Mark
I'M BETTMEN!!!,Patrick
It Burns when I pee,Derek
JC's Disciples,Andrew
Mitchell's Drangles,Mitch
Mitchell's Mooners,Mitch
Mitchell's Russians,Mitch
Monahan Jobs,Derek
No Regretzkys,Adam
Speak Up I'm Wasted,Jeremy
Sugar Kane,Dan
The Bearded One,Jeremy
The Bill Crosby's,Noel
The Dirty Beavers,Jeremy
The Glatt Pack,Evan
The Hans Grubauers,Andrew
The McDadDicks,Derek
The Tkachukle Fuckers,Andrew
Tkachuk'n rites boys,Derek
Clownin Rounds,Jeremy
Snortin Laine's Bustin Hymans,Marc
Mr. Andersson,Andrew
Taxicab Kanefessions,Scott
